[
    {
        "section": "EXT05 Development Team",
        "disciplines": [
            {
                "discipline": "",
                "titles": [
                    {
                        "title": "Game Developers",
                        "names": [
                            "[1]",
                            "[2]",
                            "[3]",
                            "[4]",
                            "[5]",
                            "[6]",
                            "[7]"
                        ]
                    },
                    {
                        "title": "\"Game Developers\"",
                        "names": [
                            "[0]",
                            "Markus Persson"
                        ]
                    }
                ]
            }
        ]
    }
]