{
    "parent": "builtin/entity",
    "gui_light": "front",
    "textures": {
        "particle": "item/trident"
    },
    "display": {
        "thirdperson_righthand": {
            "rotation": [ 0, 90, -90 ],
            "translation": [ 8, -11, -19 ],
            "scale": [ 1, 1, 1 ]
        },
        "thirdperson_lefthand": {
            "rotation": [ 0, 90, -90 ],
            "translation": [ 8, 5.5, -19 ],
            "scale": [ 1, 1, 1 ]
        },
        "firstperson_righthand": {
            "rotation": [ 135, -90, 25 ],
            "translation": [  -0.87, -6.2, 6.13 ],
            "scale": [ 1, 1, 1 ]
        },
        "firstperson_lefthand": {
            "rotation": [ 135, 90, -25 ],
            "translation": [  13, 27, 19],
            "scale": [ 1, 1, 1 ]
        },
        "gui": {
            "rotation": [ 15, -25, -5 ],
            "translation": [ 2, 3, 0 ],
            "scale": [ 0.65, 0.65, 0.65 ]
        },
        "fixed": {
            "rotation": [ 0, 180, 0 ],
            "translation": [ -2, 4, -5],
            "scale":[ 0.5, 0.5, 0.5]
        },
        "ground": {
            "rotation": [ 0, 0, 0 ],
            "translation": [ 4, 4, 2],
            "scale":[ 0.25, 0.25, 0.25]
        }
    }
}