{
    "targets": [
        "swap",
	"notch"
    ],
    "passes": [
        {
            "name": "color_convolve",
            "intarget": "minecraft:main",
            "outtarget": "notch",
            "uniforms": [
                {
                    "name": "RedMatrix",
                    "values": [ 0.2, 0.35, 0.1 ]
                },
                {
                    "name": "GreenMatrix",
                    "values": [ 0.3, 0.59, 0.11 ]
                },
                {
                    "name": "BlueMatrix",
                    "values": [ 0.0, 0.0, 0.0 ]
                }
            ]
        },
        {
            "name": "notch",
            "intarget": "notch",
            "outtarget": "swap",
            "auxtargets": [
                {
                    "name": "DitherSampler",
                    "id": "dither",
                    "width": 4,
                    "height": 4,
                    "bilinear": false
                }
            ]
        },
        {
            "name": "blit",
            "intarget": "swap",
            "outtarget": "minecraft:main"
        }
    ]
}
