{
    "targets": [
        "swap",
	"temp"
    ],
    "passes": [
        {
            "name": "invert",
            "intarget": "minecraft:main",
            "outtarget": "temp",
            "uniforms": [
                {
                    "name": "InverseAmount",
                    "values": [ 0.75 ]
                }
            ]
        },
        {
            "name": "color_convolve",
            "intarget": "temp",
            "outtarget": "swap",
            "uniforms": [
                {
                    "name": "RedMatrix",
                    "values": [ 0.2, 0.45, 0.08 ]
                },
                {
                    "name": "GreenMatrix",
                    "values": [ 0.3, 0.59, 0.11 ]
                },
                {
                    "name": "BlueMatrix",
                    "values": [ 0.3, 0.59, 0.11 ]
                }
            ]
        },

        {
            "name": "blit",
            "intarget": "swap",
            "outtarget": "minecraft:main"
        }
    ]
}
