{
	"variants": {
		"north=false,east=false,south=false,west=false": {
			"model": "minecraft:block/x_post"
		},
		"north=true,east=true,south=true,west=true": {
			"model": "minecraft:block/x_full"
		},
		"north=true,east=false,south=false,west=false": {
			"model": "minecraft:block/x_cap_ns"
		},
		"north=false,east=true,south=false,west=false": {
			"model": "minecraft:block/x_cap_ew",
			"uvlock": true
		},
		"north=false,east=false,south=true,west=false": {
			"model": "minecraft:block/x_cap_ns",
			"y": 180,
			"uvlock": true
		},
		"north=false,east=false,south=false,west=true": {
			"model": "minecraft:block/x_cap_ew",
			"y": 180,
			"uvlock": true
		},
		"north=true,east=false,south=true,west=false": {
			"model": "minecraft:block/x_bridge_ns"
		},
		"north=false,east=true,south=false,west=true": {
			"model": "minecraft:block/x_bridge_ew"
		},
		"north=true,east=true,south=false,west=true": {
			"model": "minecraft:block/x_t_n"
		},
		"north=false,east=true,south=true,west=true": {
			"model": "minecraft:block/x_t_s"
		},
		"north=true,east=true,south=true,west=false": {
			"model": "minecraft:block/x_t_e"
		},
		"north=true,east=false,south=true,west=true": {
			"model": "minecraft:block/x_t_w"
		},
		"north=true,east=true,south=false,west=false": {
			"model": "minecraft:block/x_corner_ne"
		},
		"north=true,east=false,south=false,west=true": {
			"model": "minecraft:block/x_corner_nw"
		},
		"north=false,east=true,south=true,west=false": {
			"model": "minecraft:block/x_corner_se"
		},
		"north=false,east=false,south=true,west=true": {
			"model": "minecraft:block/x_corner_sw"
		}
	}
}