{
    "ambientocclusion": false,
    "textures": {
        "particle": "minecraft:block/soul_torch",
        "torch": "minecraft:block/soul_torch"
    },
    "elements": [
        {   "from": [ 7, 0, 0 ],
            "to": [ 9, 16, 16 ],
            "shade": false,
            "faces": {
                "west": { "uv": [ 0, 0, 16, 16 ], "texture": "#torch" },
                "east": { "uv": [ 0, 0, 16, 16 ], "texture": "#torch" }
            }
        },
        {   "from": [ 0, 0, 7 ],
            "to": [ 16, 16, 9 ],
            "shade": false,
            "faces": {
                "north": { "uv": [ 0, 0, 16, 16 ], "texture": "#torch" },
                "south": { "uv": [ 0, 0, 16, 16 ], "texture": "#torch" }
            }
        }
    ]
}