{
	"credit": "Made by Marioood.",
	"textures": {
		"0": "block/x_top",
		"1": "block/x",
		"2": "block/x_cap",
		"particle": "block/x"
	},
	"elements": [
		{
			"from": [7, 0, 0],
			"to": [9, 16, 9],
			"faces": {
				"east": {"uv": [7, 0, 16, 16], "texture": "#1"},
				"south": {"uv": [7, 0, 9, 16], "texture": "#2"},
				"west": {"uv": [0, 0, 9, 16], "texture": "#1"},
				"up": {"uv": [7, 0, 9, 9], "texture": "#0", "cullface": "up"},
				"down": {"uv": [7, 7, 9, 16], "texture": "#0", "cullface": "down"}
			}
		}
	]
}