{
	"credit": "Made by Marioood.",
	"textures": {
		"1": "block/x_post",
		"particle": "block/x_post"
	},
	"elements": [
		{
			"from": [7, 0, 7],
			"to": [9, 16, 9],
			"faces": {
				"north": {"uv": [7, 0, 9, 16], "texture": "#1"},
				"east": {"uv": [7, 0, 9, 16], "texture": "#1"},
				"south": {"uv": [7, 0, 9, 16], "texture": "#1"},
				"west": {"uv": [7, 0, 9, 16], "texture": "#1"},
				"up": {"uv": [7, 0, 9, 2], "rotation": 90, "texture": "#1", "cullface": "up"},
				"down": {"uv": [7, 0, 9, 2], "rotation": 90, "texture": "#1", "cullface": "down"}
			}
		}
	]
}