{
	"credit": "Made by Marioood.",
	"textures": {
		"0": "block/x_top",
		"1": "block/x",
		"particle": "block/x"
	},
	"elements": [
		{
			"from": [7, 0, 0],
			"to": [9, 16, 7],
			"faces": {
				"north": {"uv": [7, 0, 9, 16], "texture": "#0", "cullface": "north"},
				"east": {"uv": [9, 0, 16, 16], "texture": "#1"},
				"west": {"uv": [0, 0, 7, 16], "texture": "#1"},
				"up": {"uv": [7, 0, 9, 7], "texture": "#0", "cullface": "up"},
				"down": {"uv": [7, 9, 9, 16], "texture": "#0", "cullface": "down"}
			}
		},
		{
			"from": [0, 0, 7],
			"to": [16, 16, 9],
			"faces": {
				"north": {"uv": [0, 0, 16, 16], "texture": "#1"},
				"east": {"uv": [7, 0, 9, 16], "texture": "#0", "cullface": "east"},
				"south": {"uv": [0, 0, 16, 16], "texture": "#1"},
				"west": {"uv": [7, 0, 9, 16], "texture": "#0", "cullface": "west"},
				"up": {"uv": [7, 0, 9, 16], "rotation": 90, "texture": "#0", "cullface": "up"},
				"down": {"uv": [7, 0, 9, 16], "rotation": 90, "texture": "#0", "cullface": "down"}
			}
		}
	]
}